P0001	Common rail: забитый топливный фильтр (меняйте каждые 30–60 тыс. км), подсос воздуха, подкачивающий насос в баке, клапан дозирования топлива (N290) и регулятор давления в рампе (N276), ТНВД, датчик давления в рампе, перелив форсунок в обратку. Смотрите давление в рампе на вкладке «Датчики»: если при резкой перегазовке оно не растёт вслед за оборотами — проблема в подаче. ВАЖНО: стружка от ТНВД губит форсунки — не тяните с диагностикой.
P0002	Common rail: забитый топливный фильтр (меняйте каждые 30–60 тыс. км), подсос воздуха, подкачивающий насос в баке, клапан дозирования топлива (N290) и регулятор давления в рампе (N276), ТНВД, датчик давления в рампе, перелив форсунок в обратку. Смотрите давление в рампе на вкладке «Датчики»: если при резкой перегазовке оно не растёт вслед за оборотами — проблема в подаче. ВАЖНО: стружка от ТНВД губит форсунки — не тяните с диагностикой.
P0003	Common rail: забитый топливный фильтр (меняйте каждые 30–60 тыс. км), подсос воздуха, подкачивающий насос в баке, клапан дозирования топлива (N290) и регулятор давления в рампе (N276), ТНВД, датчик давления в рампе, перелив форсунок в обратку. Смотрите давление в рампе на вкладке «Датчики»: если при резкой перегазовке оно не растёт вслед за оборотами — проблема в подаче. ВАЖНО: стружка от ТНВД губит форсунки — не тяните с диагностикой.
P0004	Common rail: забитый топливный фильтр (меняйте каждые 30–60 тыс. км), подсос воздуха, подкачивающий насос в баке, клапан дозирования топлива (N290) и регулятор давления в рампе (N276), ТНВД, датчик давления в рампе, перелив форсунок в обратку. Смотрите давление в рампе на вкладке «Датчики»: если при резкой перегазовке оно не растёт вслед за оборотами — проблема в подаче. ВАЖНО: стружка от ТНВД губит форсунки — не тяните с диагностикой.
P0016	Датчик Холла / распредвала (G40) или проводка. ВАЖНО: такая ошибка может означать, что ремень ГРМ перескочил — проверьте метки ГРМ, прежде чем ездить дальше.
P0017	Датчик Холла / распредвала (G40) или проводка. ВАЖНО: такая ошибка может означать, что ремень ГРМ перескочил — проверьте метки ГРМ, прежде чем ездить дальше.
P0045	Электромагнитный клапан наддува (N75): обмотка, разъём, проводка. Проверьте сопротивление клапана (~25–35 Ом).
P0046	Электромагнитный клапан наддува (N75): обмотка, разъём, проводка. Проверьте сопротивление клапана (~25–35 Ом).
P0047	Электромагнитный клапан наддува (N75): обмотка, разъём, проводка. Проверьте сопротивление клапана (~25–35 Ом).
P0048	Электромагнитный клапан наддува (N75): обмотка, разъём, проводка. Проверьте сопротивление клапана (~25–35 Ом).
P0069	Датчик давления наддува (на VAG объединён с датчиком температуры, G31/G71): загрязнён маслом, неисправен; проводка; утечки во впуске.
P0087	Common rail: забитый топливный фильтр (меняйте каждые 30–60 тыс. км), подсос воздуха, подкачивающий насос в баке, клапан дозирования топлива (N290) и регулятор давления в рампе (N276), ТНВД, датчик давления в рампе, перелив форсунок в обратку. Смотрите давление в рампе на вкладке «Датчики»: если при резкой перегазовке оно не растёт вслед за оборотами — проблема в подаче. ВАЖНО: стружка от ТНВД губит форсунки — не тяните с диагностикой.
P0088	Common rail: забитый топливный фильтр (меняйте каждые 30–60 тыс. км), подсос воздуха, подкачивающий насос в баке, клапан дозирования топлива (N290) и регулятор давления в рампе (N276), ТНВД, датчик давления в рампе, перелив форсунок в обратку. Смотрите давление в рампе на вкладке «Датчики»: если при резкой перегазовке оно не растёт вслед за оборотами — проблема в подаче. ВАЖНО: стружка от ТНВД губит форсунки — не тяните с диагностикой.
P0089	Common rail: забитый топливный фильтр (меняйте каждые 30–60 тыс. км), подсос воздуха, подкачивающий насос в баке, клапан дозирования топлива (N290) и регулятор давления в рампе (N276), ТНВД, датчик давления в рампе, перелив форсунок в обратку. Смотрите давление в рампе на вкладке «Датчики»: если при резкой перегазовке оно не растёт вслед за оборотами — проблема в подаче. ВАЖНО: стружка от ТНВД губит форсунки — не тяните с диагностикой.
P0090	Common rail: забитый топливный фильтр (меняйте каждые 30–60 тыс. км), подсос воздуха, подкачивающий насос в баке, клапан дозирования топлива (N290) и регулятор давления в рампе (N276), ТНВД, датчик давления в рампе, перелив форсунок в обратку. Смотрите давление в рампе на вкладке «Датчики»: если при резкой перегазовке оно не растёт вслед за оборотами — проблема в подаче. ВАЖНО: стружка от ТНВД губит форсунки — не тяните с диагностикой.
P0091	Common rail: забитый топливный фильтр (меняйте каждые 30–60 тыс. км), подсос воздуха, подкачивающий насос в баке, клапан дозирования топлива (N290) и регулятор давления в рампе (N276), ТНВД, датчик давления в рампе, перелив форсунок в обратку. Смотрите давление в рампе на вкладке «Датчики»: если при резкой перегазовке оно не растёт вслед за оборотами — проблема в подаче. ВАЖНО: стружка от ТНВД губит форсунки — не тяните с диагностикой.
P0092	Common rail: забитый топливный фильтр (меняйте каждые 30–60 тыс. км), подсос воздуха, подкачивающий насос в баке, клапан дозирования топлива (N290) и регулятор давления в рампе (N276), ТНВД, датчик давления в рампе, перелив форсунок в обратку. Смотрите давление в рампе на вкладке «Датчики»: если при резкой перегазовке оно не растёт вслед за оборотами — проблема в подаче. ВАЖНО: стружка от ТНВД губит форсунки — не тяните с диагностикой.
P0093	Common rail: забитый топливный фильтр (меняйте каждые 30–60 тыс. км), подсос воздуха, подкачивающий насос в баке, клапан дозирования топлива (N290) и регулятор давления в рампе (N276), ТНВД, датчик давления в рампе, перелив форсунок в обратку. Смотрите давление в рампе на вкладке «Датчики»: если при резкой перегазовке оно не растёт вслед за оборотами — проблема в подаче. ВАЖНО: стружка от ТНВД губит форсунки — не тяните с диагностикой.
P0100	ДМРВ (расходомер воздуха) загрязнён или изношен; подсос воздуха после ДМРВ (патрубки, хомуты, интеркулер); клапан EGR залип в открытом положении; проводка и разъём ДМРВ. На дизелях VAG ДМРВ — частый расходник. Проверка: на вкладке «Датчики» расход воздуха на прогретом холостом и под нагрузкой; заниженный расход + слабая тяга — первый подозреваемый.
P0101	ДМРВ (расходомер воздуха) загрязнён или изношен; подсос воздуха после ДМРВ (патрубки, хомуты, интеркулер); клапан EGR залип в открытом положении; проводка и разъём ДМРВ. На дизелях VAG ДМРВ — частый расходник. Проверка: на вкладке «Датчики» расход воздуха на прогретом холостом и под нагрузкой; заниженный расход + слабая тяга — первый подозреваемый.
P0102	ДМРВ (расходомер воздуха) загрязнён или изношен; подсос воздуха после ДМРВ (патрубки, хомуты, интеркулер); клапан EGR залип в открытом положении; проводка и разъём ДМРВ. На дизелях VAG ДМРВ — частый расходник. Проверка: на вкладке «Датчики» расход воздуха на прогретом холостом и под нагрузкой; заниженный расход + слабая тяга — первый подозреваемый.
P0103	ДМРВ (расходомер воздуха) загрязнён или изношен; подсос воздуха после ДМРВ (патрубки, хомуты, интеркулер); клапан EGR залип в открытом положении; проводка и разъём ДМРВ. На дизелях VAG ДМРВ — частый расходник. Проверка: на вкладке «Датчики» расход воздуха на прогретом холостом и под нагрузкой; заниженный расход + слабая тяга — первый подозреваемый.
P0104	ДМРВ (расходомер воздуха) загрязнён или изношен; подсос воздуха после ДМРВ (патрубки, хомуты, интеркулер); клапан EGR залип в открытом положении; проводка и разъём ДМРВ. На дизелях VAG ДМРВ — частый расходник. Проверка: на вкладке «Датчики» расход воздуха на прогретом холостом и под нагрузкой; заниженный расход + слабая тяга — первый подозреваемый.
P0105	Датчик давления наддува (на VAG объединён с датчиком температуры, G31/G71): загрязнён маслом, неисправен; проводка; утечки во впуске.
P0106	Датчик давления наддува (на VAG объединён с датчиком температуры, G31/G71): загрязнён маслом, неисправен; проводка; утечки во впуске.
P0107	Датчик давления наддува (на VAG объединён с датчиком температуры, G31/G71): загрязнён маслом, неисправен; проводка; утечки во впуске.
P0108	Датчик давления наддува (на VAG объединён с датчиком температуры, G31/G71): загрязнён маслом, неисправен; проводка; утечки во впуске.
P0109	Датчик давления наддува (на VAG объединён с датчиком температуры, G31/G71): загрязнён маслом, неисправен; проводка; утечки во впуске.
P0115	Датчик температуры ОЖ (G62) — частая неисправность у VAG; окисленный разъём; проводка. Сравните показания с температурой наружного воздуха на холодном двигателе.
P0116	Датчик температуры ОЖ (G62) — частая неисправность у VAG; окисленный разъём; проводка. Сравните показания с температурой наружного воздуха на холодном двигателе.
P0117	Датчик температуры ОЖ (G62) — частая неисправность у VAG; окисленный разъём; проводка. Сравните показания с температурой наружного воздуха на холодном двигателе.
P0118	Датчик температуры ОЖ (G62) — частая неисправность у VAG; окисленный разъём; проводка. Сравните показания с температурой наружного воздуха на холодном двигателе.
P0119	Датчик температуры ОЖ (G62) — частая неисправность у VAG; окисленный разъём; проводка. Сравните показания с температурой наружного воздуха на холодном двигателе.
P0125	Термостат залип в открытом положении — двигатель долго греется, печка дует холодным; реже — датчик температуры ОЖ.
P0126	Термостат залип в открытом положении — двигатель долго греется, печка дует холодным; реже — датчик температуры ОЖ.
P0128	Термостат залип в открытом положении — двигатель долго греется, печка дует холодным; реже — датчик температуры ОЖ.
P0171	Подсос воздуха (вакуумные шланги, прокладка коллектора), слабый бензонасос / фильтр, загрязнённый ДМРВ, форсунки.
P0172	Подтекающие форсунки, высокое давление топлива, неисправен датчик температуры ОЖ, адсорбер, ДМРВ.
P0174	Подсос воздуха (вакуумные шланги, прокладка коллектора), слабый бензонасос / фильтр, загрязнённый ДМРВ, форсунки.
P0175	Подтекающие форсунки, высокое давление топлива, неисправен датчик температуры ОЖ, адсорбер, ДМРВ.
P0190	Common rail: забитый топливный фильтр (меняйте каждые 30–60 тыс. км), подсос воздуха, подкачивающий насос в баке, клапан дозирования топлива (N290) и регулятор давления в рампе (N276), ТНВД, датчик давления в рампе, перелив форсунок в обратку. Смотрите давление в рампе на вкладке «Датчики»: если при резкой перегазовке оно не растёт вслед за оборотами — проблема в подаче. ВАЖНО: стружка от ТНВД губит форсунки — не тяните с диагностикой.
P0191	Common rail: забитый топливный фильтр (меняйте каждые 30–60 тыс. км), подсос воздуха, подкачивающий насос в баке, клапан дозирования топлива (N290) и регулятор давления в рампе (N276), ТНВД, датчик давления в рампе, перелив форсунок в обратку. Смотрите давление в рампе на вкладке «Датчики»: если при резкой перегазовке оно не растёт вслед за оборотами — проблема в подаче. ВАЖНО: стружка от ТНВД губит форсунки — не тяните с диагностикой.
P0192	Common rail: забитый топливный фильтр (меняйте каждые 30–60 тыс. км), подсос воздуха, подкачивающий насос в баке, клапан дозирования топлива (N290) и регулятор давления в рампе (N276), ТНВД, датчик давления в рампе, перелив форсунок в обратку. Смотрите давление в рампе на вкладке «Датчики»: если при резкой перегазовке оно не растёт вслед за оборотами — проблема в подаче. ВАЖНО: стружка от ТНВД губит форсунки — не тяните с диагностикой.
P0193	Common rail: забитый топливный фильтр (меняйте каждые 30–60 тыс. км), подсос воздуха, подкачивающий насос в баке, клапан дозирования топлива (N290) и регулятор давления в рампе (N276), ТНВД, датчик давления в рампе, перелив форсунок в обратку. Смотрите давление в рампе на вкладке «Датчики»: если при резкой перегазовке оно не растёт вслед за оборотами — проблема в подаче. ВАЖНО: стружка от ТНВД губит форсунки — не тяните с диагностикой.
P0200	Цепь форсунки: обмотка форсунки, разъём, жгут проводов, блок управления. На старых 1.4/1.9 TDI PD — жгут под клапанной крышкой, протекает моторным маслом.
P0201	Цепь форсунки: обмотка форсунки, разъём, жгут проводов, блок управления. На старых 1.4/1.9 TDI PD — жгут под клапанной крышкой, протекает моторным маслом.
P0202	Цепь форсунки: обмотка форсунки, разъём, жгут проводов, блок управления. На старых 1.4/1.9 TDI PD — жгут под клапанной крышкой, протекает моторным маслом.
P0203	Цепь форсунки: обмотка форсунки, разъём, жгут проводов, блок управления. На старых 1.4/1.9 TDI PD — жгут под клапанной крышкой, протекает моторным маслом.
P0204	Цепь форсунки: обмотка форсунки, разъём, жгут проводов, блок управления. На старых 1.4/1.9 TDI PD — жгут под клапанной крышкой, протекает моторным маслом.
P0215	Электромагнитный клапан отключения подачи топлива ТНВД (N109), его проводка; иммобилайзер, не дающий разрешение на пуск.
P0216	ТНВД (на 1.9 SDI/TDI — распределительный насос VP37): клапан начала впрыска (N108), регулятор количества (N146) и его датчик, износ насоса. Очень частая причина — окисление / протечка 8-контактного разъёма на ТНВД. Нужна диагностика ТНВД, начните с разъёма.
P0217	Перегрев! Остановитесь и заглушите двигатель. Проверьте уровень ОЖ, вентилятор, термостат, помпу, радиатор; на дизеле — возможен пробой прокладки ГБЦ.
P0234	Закоксовалась и заклинила геометрия турбины (VNT) или её привод; клапан управления наддувом N75; повреждённые вакуумные шланги; датчик давления наддува. Двигатель уходит в аварийный режим — долго ездить так нельзя, турбина работает на износ.
P0235	Датчик давления наддува (на VAG объединён с датчиком температуры, G31/G71): загрязнён маслом, неисправен; проводка; утечки во впуске.
P0236	Датчик давления наддува (на VAG объединён с датчиком температуры, G31/G71): загрязнён маслом, неисправен; проводка; утечки во впуске.
P0237	Датчик давления наддува (на VAG объединён с датчиком температуры, G31/G71): загрязнён маслом, неисправен; проводка; утечки во впуске.
P0238	Датчик давления наддува (на VAG объединён с датчиком температуры, G31/G71): загрязнён маслом, неисправен; проводка; утечки во впуске.
P0251	ТНВД (на 1.9 SDI/TDI — распределительный насос VP37): клапан начала впрыска (N108), регулятор количества (N146) и его датчик, износ насоса. Очень частая причина — окисление / протечка 8-контактного разъёма на ТНВД. Нужна диагностика ТНВД, начните с разъёма.
P0252	ТНВД (на 1.9 SDI/TDI — распределительный насос VP37): клапан начала впрыска (N108), регулятор количества (N146) и его датчик, износ насоса. Очень частая причина — окисление / протечка 8-контактного разъёма на ТНВД. Нужна диагностика ТНВД, начните с разъёма.
P0253	ТНВД (на 1.9 SDI/TDI — распределительный насос VP37): клапан начала впрыска (N108), регулятор количества (N146) и его датчик, износ насоса. Очень частая причина — окисление / протечка 8-контактного разъёма на ТНВД. Нужна диагностика ТНВД, начните с разъёма.
P0254	ТНВД (на 1.9 SDI/TDI — распределительный насос VP37): клапан начала впрыска (N108), регулятор количества (N146) и его датчик, износ насоса. Очень частая причина — окисление / протечка 8-контактного разъёма на ТНВД. Нужна диагностика ТНВД, начните с разъёма.
P0255	ТНВД (на 1.9 SDI/TDI — распределительный насос VP37): клапан начала впрыска (N108), регулятор количества (N146) и его датчик, износ насоса. Очень частая причина — окисление / протечка 8-контактного разъёма на ТНВД. Нужна диагностика ТНВД, начните с разъёма.
P0261	Цепь форсунки: обмотка форсунки, разъём, жгут проводов, блок управления. На старых 1.4/1.9 TDI PD — жгут под клапанной крышкой, протекает моторным маслом.
P0262	Цепь форсунки: обмотка форсунки, разъём, жгут проводов, блок управления. На старых 1.4/1.9 TDI PD — жгут под клапанной крышкой, протекает моторным маслом.
P0263	Цилиндр работает хуже остальных: форсунка (износ, закоксовка, перелив в обратку), компрессия. На common rail форсунки проверяют тестом на перелив и по коррекциям подачи (нужен VCDS).
P0264	Цепь форсунки: обмотка форсунки, разъём, жгут проводов, блок управления. На старых 1.4/1.9 TDI PD — жгут под клапанной крышкой, протекает моторным маслом.
P0265	Цепь форсунки: обмотка форсунки, разъём, жгут проводов, блок управления. На старых 1.4/1.9 TDI PD — жгут под клапанной крышкой, протекает моторным маслом.
P0266	Цилиндр работает хуже остальных: форсунка (износ, закоксовка, перелив в обратку), компрессия. На common rail форсунки проверяют тестом на перелив и по коррекциям подачи (нужен VCDS).
P0267	Цепь форсунки: обмотка форсунки, разъём, жгут проводов, блок управления. На старых 1.4/1.9 TDI PD — жгут под клапанной крышкой, протекает моторным маслом.
P0268	Цепь форсунки: обмотка форсунки, разъём, жгут проводов, блок управления. На старых 1.4/1.9 TDI PD — жгут под клапанной крышкой, протекает моторным маслом.
P0269	Цилиндр работает хуже остальных: форсунка (износ, закоксовка, перелив в обратку), компрессия. На common rail форсунки проверяют тестом на перелив и по коррекциям подачи (нужен VCDS).
P0270	Цепь форсунки: обмотка форсунки, разъём, жгут проводов, блок управления. На старых 1.4/1.9 TDI PD — жгут под клапанной крышкой, протекает моторным маслом.
P0271	Цепь форсунки: обмотка форсунки, разъём, жгут проводов, блок управления. На старых 1.4/1.9 TDI PD — жгут под клапанной крышкой, протекает моторным маслом.
P0272	Цилиндр работает хуже остальных: форсунка (износ, закоксовка, перелив в обратку), компрессия. На common rail форсунки проверяют тестом на перелив и по коррекциям подачи (нужен VCDS).
P0299	Утечка во впуске (лопнувший патрубок интеркулера, хомуты); клапан N75; утечка вакуума (вакуумный насос, шланги, мембрана привода); заклинившая геометрия турбины; износ турбины; забитый воздушный фильтр или катализатор.
P0300	На дизеле: форсунки, низкая компрессия в цилиндре, давление топлива, воздух в топливе. На бензине: свечи, катушки, форсунки, подсос воздуха, компрессия.
P0301	На дизеле: форсунки, низкая компрессия в цилиндре, давление топлива, воздух в топливе. На бензине: свечи, катушки, форсунки, подсос воздуха, компрессия.
P0302	На дизеле: форсунки, низкая компрессия в цилиндре, давление топлива, воздух в топливе. На бензине: свечи, катушки, форсунки, подсос воздуха, компрессия.
P0303	На дизеле: форсунки, низкая компрессия в цилиндре, давление топлива, воздух в топливе. На бензине: свечи, катушки, форсунки, подсос воздуха, компрессия.
P0304	На дизеле: форсунки, низкая компрессия в цилиндре, давление топлива, воздух в топливе. На бензине: свечи, катушки, форсунки, подсос воздуха, компрессия.
P0305	На дизеле: форсунки, низкая компрессия в цилиндре, давление топлива, воздух в топливе. На бензине: свечи, катушки, форсунки, подсос воздуха, компрессия.
P0306	На дизеле: форсунки, низкая компрессия в цилиндре, давление топлива, воздух в топливе. На бензине: свечи, катушки, форсунки, подсос воздуха, компрессия.
P0335	Датчик коленвала (G28): неисправен, загрязнён, увеличен зазор; повреждён задающий диск; проводка и разъём. Симптом — двигатель не заводится или глохнет.
P0336	Датчик коленвала (G28): неисправен, загрязнён, увеличен зазор; повреждён задающий диск; проводка и разъём. Симптом — двигатель не заводится или глохнет.
P0337	Датчик коленвала (G28): неисправен, загрязнён, увеличен зазор; повреждён задающий диск; проводка и разъём. Симптом — двигатель не заводится или глохнет.
P0338	Датчик коленвала (G28): неисправен, загрязнён, увеличен зазор; повреждён задающий диск; проводка и разъём. Симптом — двигатель не заводится или глохнет.
P0339	Датчик коленвала (G28): неисправен, загрязнён, увеличен зазор; повреждён задающий диск; проводка и разъём. Симптом — двигатель не заводится или глохнет.
P0340	Датчик Холла / распредвала (G40) или проводка. ВАЖНО: такая ошибка может означать, что ремень ГРМ перескочил — проверьте метки ГРМ, прежде чем ездить дальше.
P0341	Датчик Холла / распредвала (G40) или проводка. ВАЖНО: такая ошибка может означать, что ремень ГРМ перескочил — проверьте метки ГРМ, прежде чем ездить дальше.
P0342	Датчик Холла / распредвала (G40) или проводка. ВАЖНО: такая ошибка может означать, что ремень ГРМ перескочил — проверьте метки ГРМ, прежде чем ездить дальше.
P0343	Датчик Холла / распредвала (G40) или проводка. ВАЖНО: такая ошибка может означать, что ремень ГРМ перескочил — проверьте метки ГРМ, прежде чем ездить дальше.
P0344	Датчик Холла / распредвала (G40) или проводка. ВАЖНО: такая ошибка может означать, что ремень ГРМ перескочил — проверьте метки ГРМ, прежде чем ездить дальше.
P0380	Перегоревшие свечи накаливания (исправная ~0,5–1,5 Ом); блок управления свечами накаливания (на common rail — J179); окисленные разъёмы свечей. Симптом — тяжёлый пуск на холоде и дым.
P0382	Перегоревшие свечи накаливания (исправная ~0,5–1,5 Ом); блок управления свечами накаливания (на common rail — J179); окисленные разъёмы свечей. Симптом — тяжёлый пуск на холоде и дым.
P0400	Клапан EGR закоксован или залип (на 1.2/1.6 TDI common rail он электрический, с датчиком положения); радиатор/перепускная заслонка охладителя EGR; неисправный ДМРВ — расход EGR блок считает по нему. Обычно помогает чистка клапана и впускного коллектора; после замены или чистки клапан надо адаптировать.
P0401	Клапан EGR закоксован или залип (на 1.2/1.6 TDI common rail он электрический, с датчиком положения); радиатор/перепускная заслонка охладителя EGR; неисправный ДМРВ — расход EGR блок считает по нему. Обычно помогает чистка клапана и впускного коллектора; после замены или чистки клапан надо адаптировать.
P0402	Клапан EGR закоксован или залип (на 1.2/1.6 TDI common rail он электрический, с датчиком положения); радиатор/перепускная заслонка охладителя EGR; неисправный ДМРВ — расход EGR блок считает по нему. Обычно помогает чистка клапана и впускного коллектора; после замены или чистки клапан надо адаптировать.
P0403	Цепь управления клапаном EGR: мотор/обмотка клапана, разъём (часто окисляется), проводка.
P0404	Клапан EGR закоксован или залип (на 1.2/1.6 TDI common rail он электрический, с датчиком положения); радиатор/перепускная заслонка охладителя EGR; неисправный ДМРВ — расход EGR блок считает по нему. Обычно помогает чистка клапана и впускного коллектора; после замены или чистки клапан надо адаптировать.
P0405	Клапан EGR закоксован или залип (на 1.2/1.6 TDI common rail он электрический, с датчиком положения); радиатор/перепускная заслонка охладителя EGR; неисправный ДМРВ — расход EGR блок считает по нему. Обычно помогает чистка клапана и впускного коллектора; после замены или чистки клапан надо адаптировать.
P0406	Клапан EGR закоксован или залип (на 1.2/1.6 TDI common rail он электрический, с датчиком положения); радиатор/перепускная заслонка охладителя EGR; неисправный ДМРВ — расход EGR блок считает по нему. Обычно помогает чистка клапана и впускного коллектора; после замены или чистки клапан надо адаптировать.
P0409	Клапан EGR закоксован или залип (на 1.2/1.6 TDI common rail он электрический, с датчиком положения); радиатор/перепускная заслонка охладителя EGR; неисправный ДМРВ — расход EGR блок считает по нему. Обычно помогает чистка клапана и впускного коллектора; после замены или чистки клапан надо адаптировать.
P0420	Изношен катализатор; также неисправный задний лямбда-зонд или пропуски воспламенения.
P0430	Изношен катализатор; также неисправный задний лямбда-зонд или пропуски воспламенения.
P0460	Датчик уровня топлива (поплавок в модуле насоса) или проводка; при P1250 — просто заправьтесь.
P0461	Датчик уровня топлива (поплавок в модуле насоса) или проводка; при P1250 — просто заправьтесь.
P0462	Датчик уровня топлива (поплавок в модуле насоса) или проводка; при P1250 — просто заправьтесь.
P0463	Датчик уровня топлива (поплавок в модуле насоса) или проводка; при P1250 — просто заправьтесь.
P0464	Датчик уровня топлива (поплавок в модуле насоса) или проводка; при P1250 — просто заправьтесь.
P0471	Датчик перепада давления сажевого фильтра (G450) или его трубки: трубки трескаются, отваливаются и забиваются сажей/конденсатом. Проверьте трубки и шланги, потом сам датчик. Без верного перепада блок не может правильно запускать регенерацию.
P0472	Датчик перепада давления сажевого фильтра (G450) или его трубки: трубки трескаются, отваливаются и забиваются сажей/конденсатом. Проверьте трубки и шланги, потом сам датчик. Без верного перепада блок не может правильно запускать регенерацию.
P0473	Датчик перепада давления сажевого фильтра (G450) или его трубки: трубки трескаются, отваливаются и забиваются сажей/конденсатом. Проверьте трубки и шланги, потом сам датчик. Без верного перепада блок не может правильно запускать регенерацию.
P0480	Вентилятор охлаждения, его реле или блок управления вентилятором, предохранитель, проводка. Следите за температурой — возможен перегрев.
P0481	Вентилятор охлаждения, его реле или блок управления вентилятором, предохранитель, проводка. Следите за температурой — возможен перегрев.
P0482	Вентилятор охлаждения, его реле или блок управления вентилятором, предохранитель, проводка. Следите за температурой — возможен перегрев.
P0483	Вентилятор охлаждения, его реле или блок управления вентилятором, предохранитель, проводка. Следите за температурой — возможен перегрев.
P0489	Цепь управления клапаном EGR: мотор/обмотка клапана, разъём (часто окисляется), проводка.
P0490	Цепь управления клапаном EGR: мотор/обмотка клапана, разъём (часто окисляется), проводка.
P0500	Датчик скорости (G22 на КПП) или его проводка; на машинах с ABS — сигнал с блока ABS; панель приборов.
P0501	Датчик скорости (G22 на КПП) или его проводка; на машинах с ABS — сигнал с блока ABS; панель приборов.
P0502	Датчик скорости (G22 на КПП) или его проводка; на машинах с ABS — сигнал с блока ABS; панель приборов.
P0503	Датчик скорости (G22 на КПП) или его проводка; на машинах с ABS — сигнал с блока ABS; панель приборов.
P0520	Низкое давление масла — немедленно заглушите двигатель и проверьте уровень масла. Также: датчик давления масла, масляный насос, забитая сетка маслоприёмника.
P0521	Низкое давление масла — немедленно заглушите двигатель и проверьте уровень масла. Также: датчик давления масла, масляный насос, забитая сетка маслоприёмника.
P0522	Низкое давление масла — немедленно заглушите двигатель и проверьте уровень масла. Также: датчик давления масла, масляный насос, забитая сетка маслоприёмника.
P0523	Низкое давление масла — немедленно заглушите двигатель и проверьте уровень масла. Также: датчик давления масла, масляный насос, забитая сетка маслоприёмника.
P0524	Низкое давление масла — немедленно заглушите двигатель и проверьте уровень масла. Также: датчик давления масла, масляный насос, забитая сетка маслоприёмника.
P0544	Датчик температуры отработавших газов (перед турбиной / перед или после DPF): обрыв, окисленный разъём, перегоревший датчик. Без него регенерация DPF не запускается — фильтр начнёт забиваться.
P0545	Датчик температуры отработавших газов (перед турбиной / перед или после DPF): обрыв, окисленный разъём, перегоревший датчик. Без него регенерация DPF не запускается — фильтр начнёт забиваться.
P0546	Датчик температуры отработавших газов (перед турбиной / перед или после DPF): обрыв, окисленный разъём, перегоревший датчик. Без него регенерация DPF не запускается — фильтр начнёт забиваться.
P0560	Слабый аккумулятор, неисправен генератор или регулятор напряжения, окисленные клеммы и массы, утечка тока на стоянке. Ошибка часто появляется после долгой стоянки или прикуривания.
P0561	Слабый аккумулятор, неисправен генератор или регулятор напряжения, окисленные клеммы и массы, утечка тока на стоянке. Ошибка часто появляется после долгой стоянки или прикуривания.
P0562	Слабый аккумулятор, неисправен генератор или регулятор напряжения, окисленные клеммы и массы, утечка тока на стоянке. Ошибка часто появляется после долгой стоянки или прикуривания.
P0563	Слабый аккумулятор, неисправен генератор или регулятор напряжения, окисленные клеммы и массы, утечка тока на стоянке. Ошибка часто появляется после долгой стоянки или прикуривания.
P0565	Концевик (выключатель) педали тормоза — очень частая неисправность на VAG: выключатель или регулировка. Симптом — не работает круиз-контроль, двигатель «не отпускает» обороты.
P0571	Концевик (выключатель) педали тормоза — очень частая неисправность на VAG: выключатель или регулировка. Симптом — не работает круиз-контроль, двигатель «не отпускает» обороты.
P0575	Концевик (выключатель) педали тормоза — очень частая неисправность на VAG: выключатель или регулировка. Симптом — не работает круиз-контроль, двигатель «не отпускает» обороты.
P0601	Внутренняя ошибка блока управления. Сначала проверьте питание и массы блока, аккумулятор; если ошибка возвращается — ремонт или замена блока.
P0602	Внутренняя ошибка блока управления. Сначала проверьте питание и массы блока, аккумулятор; если ошибка возвращается — ремонт или замена блока.
P0603	Внутренняя ошибка блока управления. Сначала проверьте питание и массы блока, аккумулятор; если ошибка возвращается — ремонт или замена блока.
P0604	Внутренняя ошибка блока управления. Сначала проверьте питание и массы блока, аккумулятор; если ошибка возвращается — ремонт или замена блока.
P0605	Внутренняя ошибка блока управления. Сначала проверьте питание и массы блока, аккумулятор; если ошибка возвращается — ремонт или замена блока.
P0606	Внутренняя ошибка блока управления. Сначала проверьте питание и массы блока, аккумулятор; если ошибка возвращается — ремонт или замена блока.
P0607	Внутренняя ошибка блока управления. Сначала проверьте питание и массы блока, аккумулятор; если ошибка возвращается — ремонт или замена блока.
P0610	Блок управления двигателем закодирован неверно — нужно перекодировать (VCDS / дилерский сканер).
P0611	Питание группы форсунок: проводка и разъёмы форсунок, замыкание в одной из форсунок (тянет за собой всю группу), выходной каскад блока управления. Отключайте форсунки по одной, чтобы найти виновную.
P0670	Перегоревшие свечи накаливания (исправная ~0,5–1,5 Ом); блок управления свечами накаливания (на common rail — J179); окисленные разъёмы свечей. Симптом — тяжёлый пуск на холоде и дым.
P0671	Перегоревшие свечи накаливания (исправная ~0,5–1,5 Ом); блок управления свечами накаливания (на common rail — J179); окисленные разъёмы свечей. Симптом — тяжёлый пуск на холоде и дым.
P0672	Перегоревшие свечи накаливания (исправная ~0,5–1,5 Ом); блок управления свечами накаливания (на common rail — J179); окисленные разъёмы свечей. Симптом — тяжёлый пуск на холоде и дым.
P0673	Перегоревшие свечи накаливания (исправная ~0,5–1,5 Ом); блок управления свечами накаливания (на common rail — J179); окисленные разъёмы свечей. Симптом — тяжёлый пуск на холоде и дым.
P0674	Перегоревшие свечи накаливания (исправная ~0,5–1,5 Ом); блок управления свечами накаливания (на common rail — J179); окисленные разъёмы свечей. Симптом — тяжёлый пуск на холоде и дым.
P0683	Перегоревшие свечи накаливания (исправная ~0,5–1,5 Ом); блок управления свечами накаливания (на common rail — J179); окисленные разъёмы свечей. Симптом — тяжёлый пуск на холоде и дым.
P0700	Блок КПП зарегистрировал свою ошибку. Её точный код хранится в блоке КПП — нужен сканер, умеющий читать блок коробки.
P1250	Датчик уровня топлива (поплавок в модуле насоса) или проводка; при P1250 — просто заправьтесь.
P1403	Клапан EGR закоксован или залип (на 1.2/1.6 TDI common rail он электрический, с датчиком положения); радиатор/перепускная заслонка охладителя EGR; неисправный ДМРВ — расход EGR блок считает по нему. Обычно помогает чистка клапана и впускного коллектора; после замены или чистки клапан надо адаптировать.
P1556	Утечка во впуске (лопнувший патрубок интеркулера, хомуты); клапан N75; утечка вакуума (вакуумный насос, шланги, мембрана привода); заклинившая геометрия турбины; износ турбины; забитый воздушный фильтр или катализатор.
P1557	Закоксовалась и заклинила геометрия турбины (VNT) или её привод; клапан управления наддувом N75; повреждённые вакуумные шланги; датчик давления наддува. Двигатель уходит в аварийный режим — долго ездить так нельзя, турбина работает на износ.
P1561	ТНВД (на 1.9 SDI/TDI — распределительный насос VP37): клапан начала впрыска (N108), регулятор количества (N146) и его датчик, износ насоса. Очень частая причина — окисление / протечка 8-контактного разъёма на ТНВД. Нужна диагностика ТНВД, начните с разъёма.
P1562	ТНВД (на 1.9 SDI/TDI — распределительный насос VP37): клапан начала впрыска (N108), регулятор количества (N146) и его датчик, износ насоса. Очень частая причина — окисление / протечка 8-контактного разъёма на ТНВД. Нужна диагностика ТНВД, начните с разъёма.
P1564	ТНВД (на 1.9 SDI/TDI — распределительный насос VP37): клапан начала впрыска (N108), регулятор количества (N146) и его датчик, износ насоса. Очень частая причина — окисление / протечка 8-контактного разъёма на ТНВД. Нужна диагностика ТНВД, начните с разъёма.
P1570	Иммобилайзер не дал разрешение: ключ не прописан или повреждён транспондер, неисправна катушка в замке зажигания, панель приборов (на Fabia I иммобилайзер в приборке). Требуется адаптация ключей.
P1600	Слабый аккумулятор, неисправен генератор или регулятор напряжения, окисленные клеммы и массы, утечка тока на стоянке. Ошибка часто появляется после долгой стоянки или прикуривания.
P1602	Слабый аккумулятор, неисправен генератор или регулятор напряжения, окисленные клеммы и массы, утечка тока на стоянке. Ошибка часто появляется после долгой стоянки или прикуривания.
P1612	Блок управления двигателем закодирован неверно — нужно перекодировать (VCDS / дилерский сканер).
P1626	Обрыв или помехи на шине связи блоков, плохое питание / масса одного из блоков, неисправный блок.
P2002	Сажевый фильтр (DPF) забит: короткие поездки по городу не дают пройти регенерации. Помогает езда по трассе 20–30 минут без остановок на 2500–3000 об/мин (не на нейтрали). Следите на вкладке «Датчики» за перепадом давления на DPF. Если не помогло или горит лампа DPF вместе с Check Engine — нужна принудительная регенерация сканером (VCDS / сервис). Причиной частого забивания бывают ДМРВ, EGR, форсунки, датчик температуры ОГ. P242F — фильтр забит золой: регенерация не поможет, нужна промывка или замена.
P2031	Датчик температуры отработавших газов (перед турбиной / перед или после DPF): обрыв, окисленный разъём, перегоревший датчик. Без него регенерация DPF не запускается — фильтр начнёт забиваться.
P2032	Датчик температуры отработавших газов (перед турбиной / перед или после DPF): обрыв, окисленный разъём, перегоревший датчик. Без него регенерация DPF не запускается — фильтр начнёт забиваться.
P2033	Датчик температуры отработавших газов (перед турбиной / перед или после DPF): обрыв, окисленный разъём, перегоревший датчик. Без него регенерация DPF не запускается — фильтр начнёт забиваться.
P2080	Датчик температуры отработавших газов (перед турбиной / перед или после DPF): обрыв, окисленный разъём, перегоревший датчик. Без него регенерация DPF не запускается — фильтр начнёт забиваться.
P2084	Датчик температуры отработавших газов (перед турбиной / перед или после DPF): обрыв, окисленный разъём, перегоревший датчик. Без него регенерация DPF не запускается — фильтр начнёт забиваться.
P2146	Питание группы форсунок: проводка и разъёмы форсунок, замыкание в одной из форсунок (тянет за собой всю группу), выходной каскад блока управления. Отключайте форсунки по одной, чтобы найти виновную.
P2147	Питание группы форсунок: проводка и разъёмы форсунок, замыкание в одной из форсунок (тянет за собой всю группу), выходной каскад блока управления. Отключайте форсунки по одной, чтобы найти виновную.
P2148	Питание группы форсунок: проводка и разъёмы форсунок, замыкание в одной из форсунок (тянет за собой всю группу), выходной каскад блока управления. Отключайте форсунки по одной, чтобы найти виновную.
P2149	Питание группы форсунок: проводка и разъёмы форсунок, замыкание в одной из форсунок (тянет за собой всю группу), выходной каскад блока управления. Отключайте форсунки по одной, чтобы найти виновную.
P2150	Питание группы форсунок: проводка и разъёмы форсунок, замыкание в одной из форсунок (тянет за собой всю группу), выходной каскад блока управления. Отключайте форсунки по одной, чтобы найти виновную.
P2151	Питание группы форсунок: проводка и разъёмы форсунок, замыкание в одной из форсунок (тянет за собой всю группу), выходной каскад блока управления. Отключайте форсунки по одной, чтобы найти виновную.
P2187	Подсос воздуха (вакуумные шланги, прокладка коллектора), слабый бензонасос / фильтр, загрязнённый ДМРВ, форсунки.
P2188	Подтекающие форсунки, высокое давление топлива, неисправен датчик температуры ОЖ, адсорбер, ДМРВ.
P2263	Утечка во впуске (лопнувший патрубок интеркулера, хомуты); клапан N75; утечка вакуума (вакуумный насос, шланги, мембрана привода); заклинившая геометрия турбины; износ турбины; забитый воздушный фильтр или катализатор.
P2293	Common rail: забитый топливный фильтр (меняйте каждые 30–60 тыс. км), подсос воздуха, подкачивающий насос в баке, клапан дозирования топлива (N290) и регулятор давления в рампе (N276), ТНВД, датчик давления в рампе, перелив форсунок в обратку. Смотрите давление в рампе на вкладке «Датчики»: если при резкой перегазовке оно не растёт вслед за оборотами — проблема в подаче. ВАЖНО: стружка от ТНВД губит форсунки — не тяните с диагностикой.
P2425	Охладитель EGR или заслонка его перепуска: закоксовка, залипание, вакуумный привод, проводка. Если уходит антифриз без видимых течей — проверьте охладитель EGR на трещину.
P242F	Сажевый фильтр (DPF) забит: короткие поездки по городу не дают пройти регенерации. Помогает езда по трассе 20–30 минут без остановок на 2500–3000 об/мин (не на нейтрали). Следите на вкладке «Датчики» за перепадом давления на DPF. Если не помогло или горит лампа DPF вместе с Check Engine — нужна принудительная регенерация сканером (VCDS / сервис). Причиной частого забивания бывают ДМРВ, EGR, форсунки, датчик температуры ОГ. P242F — фильтр забит золой: регенерация не поможет, нужна промывка или замена.
P2452	Датчик перепада давления сажевого фильтра (G450) или его трубки: трубки трескаются, отваливаются и забиваются сажей/конденсатом. Проверьте трубки и шланги, потом сам датчик. Без верного перепада блок не может правильно запускать регенерацию.
P2453	Датчик перепада давления сажевого фильтра (G450) или его трубки: трубки трескаются, отваливаются и забиваются сажей/конденсатом. Проверьте трубки и шланги, потом сам датчик. Без верного перепада блок не может правильно запускать регенерацию.
P2454	Датчик перепада давления сажевого фильтра (G450) или его трубки: трубки трескаются, отваливаются и забиваются сажей/конденсатом. Проверьте трубки и шланги, потом сам датчик. Без верного перепада блок не может правильно запускать регенерацию.
P2455	Датчик перепада давления сажевого фильтра (G450) или его трубки: трубки трескаются, отваливаются и забиваются сажей/конденсатом. Проверьте трубки и шланги, потом сам датчик. Без верного перепада блок не может правильно запускать регенерацию.
P2457	Охладитель EGR или заслонка его перепуска: закоксовка, залипание, вакуумный привод, проводка. Если уходит антифриз без видимых течей — проверьте охладитель EGR на трещину.
P2458	Сажевый фильтр (DPF) забит: короткие поездки по городу не дают пройти регенерации. Помогает езда по трассе 20–30 минут без остановок на 2500–3000 об/мин (не на нейтрали). Следите на вкладке «Датчики» за перепадом давления на DPF. Если не помогло или горит лампа DPF вместе с Check Engine — нужна принудительная регенерация сканером (VCDS / сервис). Причиной частого забивания бывают ДМРВ, EGR, форсунки, датчик температуры ОГ. P242F — фильтр забит золой: регенерация не поможет, нужна промывка или замена.
P2459	Сажевый фильтр (DPF) забит: короткие поездки по городу не дают пройти регенерации. Помогает езда по трассе 20–30 минут без остановок на 2500–3000 об/мин (не на нейтрали). Следите на вкладке «Датчики» за перепадом давления на DPF. Если не помогло или горит лампа DPF вместе с Check Engine — нужна принудительная регенерация сканером (VCDS / сервис). Причиной частого забивания бывают ДМРВ, EGR, форсунки, датчик температуры ОГ. P242F — фильтр забит золой: регенерация не поможет, нужна промывка или замена.
P2463	Сажевый фильтр (DPF) забит: короткие поездки по городу не дают пройти регенерации. Помогает езда по трассе 20–30 минут без остановок на 2500–3000 об/мин (не на нейтрали). Следите на вкладке «Датчики» за перепадом давления на DPF. Если не помогло или горит лампа DPF вместе с Check Engine — нужна принудительная регенерация сканером (VCDS / сервис). Причиной частого забивания бывают ДМРВ, EGR, форсунки, датчик температуры ОГ. P242F — фильтр забит золой: регенерация не поможет, нужна промывка или замена.
P2509	Слабый аккумулятор, неисправен генератор или регулятор напряжения, окисленные клеммы и массы, утечка тока на стоянке. Ошибка часто появляется после долгой стоянки или прикуривания.
U0001	Обрыв или помехи на шине связи блоков, плохое питание / масса одного из блоков, неисправный блок.
U0073	Обрыв или помехи на шине связи блоков, плохое питание / масса одного из блоков, неисправный блок.
U0100	Обрыв или помехи на шине связи блоков, плохое питание / масса одного из блоков, неисправный блок.
U0101	Обрыв или помехи на шине связи блоков, плохое питание / масса одного из блоков, неисправный блок.
U0121	Обрыв или помехи на шине связи блоков, плохое питание / масса одного из блоков, неисправный блок.
U0140	Обрыв или помехи на шине связи блоков, плохое питание / масса одного из блоков, неисправный блок.
U0151	Обрыв или помехи на шине связи блоков, плохое питание / масса одного из блоков, неисправный блок.
U0155	Обрыв или помехи на шине связи блоков, плохое питание / масса одного из блоков, неисправный блок.
