P0001	Регулятор подачи топлива (клапан дозирования): обрыв цепи управления
P0002	Регулятор подачи топлива (клапан дозирования): неправдоподобная работа
P0003	Регулятор подачи топлива (клапан дозирования): низкий уровень в цепи
P0004	Регулятор подачи топлива (клапан дозирования): высокий уровень в цепи
P0010	Привод фазовращателя впускного распредвала (банк 1): неисправность цепи
P0011	Фазы впускного распредвала (банк 1): слишком раннее открытие / характеристика
P0012	Фазы впускного распредвала (банк 1): слишком позднее открытие
P0013	Привод фазовращателя выпускного распредвала (банк 1): неисправность цепи
P0014	Фазы выпускного распредвала (банк 1): слишком раннее открытие / характеристика
P0016	Рассогласование сигналов коленвала и распредвала (банк 1, датчик A)
P0017	Рассогласование сигналов коленвала и распредвала (банк 1, датчик B)
P0030	Подогрев лямбда-зонда, банк 1 датчик 1: неисправность цепи управления
P0031	Подогрев лямбда-зонда, банк 1 датчик 1: низкий уровень в цепи управления (замыкание на массу)
P0032	Подогрев лямбда-зонда, банк 1 датчик 1: высокий уровень в цепи управления (замыкание на плюс)
P0033	Клапан перепуска турбины (байпас): обрыв цепи управления
P0034	Клапан перепуска турбины (байпас): низкий уровень в цепи управления (замыкание на массу)
P0035	Клапан перепуска турбины (байпас): высокий уровень в цепи управления (замыкание на плюс)
P0036	Подогрев лямбда-зонда, банк 1 датчик 2: неисправность цепи управления
P0037	Подогрев лямбда-зонда, банк 1 датчик 2: низкий уровень в цепи управления (замыкание на массу)
P0038	Подогрев лямбда-зонда, банк 1 датчик 2: высокий уровень в цепи управления (замыкание на плюс)
P0042	Подогрев лямбда-зонда, банк 1 датчик 3: обрыв цепи управления
P0043	Подогрев лямбда-зонда, банк 1 датчик 3: низкий уровень в цепи управления (замыкание на массу)
P0044	Подогрев лямбда-зонда, банк 1 датчик 3: высокий уровень в цепи управления (замыкание на плюс)
P0045	Клапан управления давлением наддува (N75): обрыв цепи
P0046	Клапан управления давлением наддува (N75): неправдоподобный сигнал / характеристика
P0047	Клапан управления давлением наддува (N75): низкий уровень в цепи
P0048	Клапан управления давлением наддува (N75): высокий уровень в цепи
P0050	Подогрев лямбда-зонда, банк 2 датчик 1: обрыв цепи управления
P0051	Подогрев лямбда-зонда, банк 2 датчик 1: низкий уровень в цепи управления (замыкание на массу)
P0052	Подогрев лямбда-зонда, банк 2 датчик 1: высокий уровень в цепи управления (замыкание на плюс)
P0056	Подогрев лямбда-зонда, банк 2 датчик 2: обрыв цепи управления
P0057	Подогрев лямбда-зонда, банк 2 датчик 2: низкий уровень в цепи управления (замыкание на массу)
P0058	Подогрев лямбда-зонда, банк 2 датчик 2: высокий уровень в цепи управления (замыкание на плюс)
P0062	Подогрев лямбда-зонда, банк 2 датчик 3: обрыв цепи управления
P0063	Подогрев лямбда-зонда, банк 2 датчик 3: низкий уровень в цепи управления (замыкание на массу)
P0064	Подогрев лямбда-зонда, банк 2 датчик 3: высокий уровень в цепи управления (замыкание на плюс)
P0068	Рассогласование давления во впуске / расхода воздуха и положения дросселя
P0069	Рассогласование датчика давления во впуске и атмосферного давления
P0070	Датчик температуры наружного воздуха: неисправность цепи
P0071	Датчик температуры наружного воздуха: сигнал вне диапазона / неправдоподобный
P0072	Датчик температуры наружного воздуха: низкий уровень сигнала
P0073	Датчик температуры наружного воздуха: высокий уровень сигнала
P0074	Датчик температуры наружного воздуха: прерывистый сигнал
P0087	Давление топлива в рампе / системе слишком низкое
P0088	Давление топлива в рампе / системе слишком высокое
P0089	Регулятор давления топлива 1: неправильная работа
P0090	Регулятор давления топлива 1: обрыв цепи управления
P0091	Регулятор давления топлива 1: низкий уровень в цепи управления
P0092	Регулятор давления топлива 1: высокий уровень в цепи управления
P0093	Обнаружена большая утечка в топливной системе
P0094	Обнаружена малая утечка в топливной системе
P0097	Датчик температуры воздуха на впуске 2: низкий уровень сигнала
P0098	Датчик температуры воздуха на впуске 2: высокий уровень сигнала
P0100	Датчик массового расхода воздуха (ДМРВ): неисправность цепи
P0101	Датчик массового расхода воздуха (ДМРВ): сигнал вне диапазона / неправдоподобный
P0102	Датчик массового расхода воздуха (ДМРВ): низкий уровень сигнала
P0103	Датчик массового расхода воздуха (ДМРВ): высокий уровень сигнала
P0104	Датчик массового расхода воздуха (ДМРВ): прерывистый сигнал
P0105	Датчик абсолютного давления во впуске / атмосферного давления: неисправность цепи
P0106	Датчик абсолютного давления во впуске / атмосферного давления: сигнал вне диапазона / неправдоподобный
P0107	Датчик абсолютного давления во впуске / атмосферного давления: низкий уровень сигнала
P0108	Датчик абсолютного давления во впуске / атмосферного давления: высокий уровень сигнала
P0109	Датчик абсолютного давления во впуске / атмосферного давления: прерывистый сигнал
P0110	Датчик температуры воздуха на впуске: неисправность цепи
P0111	Датчик температуры воздуха на впуске: сигнал вне диапазона / неправдоподобный
P0112	Датчик температуры воздуха на впуске: низкий уровень сигнала
P0113	Датчик температуры воздуха на впуске: высокий уровень сигнала
P0114	Датчик температуры воздуха на впуске: прерывистый сигнал
P0115	Датчик температуры охлаждающей жидкости: неисправность цепи
P0116	Датчик температуры охлаждающей жидкости: сигнал вне диапазона / неправдоподобный
P0117	Датчик температуры охлаждающей жидкости: низкий уровень сигнала
P0118	Датчик температуры охлаждающей жидкости: высокий уровень сигнала
P0119	Датчик температуры охлаждающей жидкости: прерывистый сигнал
P0120	Датчик положения дросселя / педали газа A: неисправность цепи
P0121	Датчик положения дросселя / педали газа A: сигнал вне диапазона / неправдоподобный
P0122	Датчик положения дросселя / педали газа A: низкий уровень сигнала
P0123	Датчик положения дросселя / педали газа A: высокий уровень сигнала
P0124	Датчик положения дросселя / педали газа A: прерывистый сигнал
P0125	Температура охлаждающей жидкости недостаточна для перехода в замкнутый контур
P0126	Температура охлаждающей жидкости недостаточна для стабильной работы
P0127	Температура воздуха на впуске слишком высокая
P0128	Двигатель не прогревается до рабочей температуры (термостат)
P0129	Атмосферное давление слишком низкое
P0130	Лямбда-зонд, банк 1 датчик 1: неисправность цепи
P0131	Лямбда-зонд, банк 1 датчик 1: низкое напряжение
P0132	Лямбда-зонд, банк 1 датчик 1: высокое напряжение
P0133	Лямбда-зонд, банк 1 датчик 1: медленный отклик
P0134	Лямбда-зонд, банк 1 датчик 1: нет активности
P0135	Лямбда-зонд, банк 1 датчик 1: неисправность цепи подогрева
P0136	Лямбда-зонд, банк 1 датчик 2: неисправность цепи
P0137	Лямбда-зонд, банк 1 датчик 2: низкое напряжение
P0138	Лямбда-зонд, банк 1 датчик 2: высокое напряжение
P0139	Лямбда-зонд, банк 1 датчик 2: медленный отклик
P0140	Лямбда-зонд, банк 1 датчик 2: нет активности
P0141	Лямбда-зонд, банк 1 датчик 2: неисправность цепи подогрева
P0142	Лямбда-зонд, банк 1 датчик 3: неисправность цепи
P0143	Лямбда-зонд, банк 1 датчик 3: низкое напряжение
P0144	Лямбда-зонд, банк 1 датчик 3: высокое напряжение
P0145	Лямбда-зонд, банк 1 датчик 3: медленный отклик
P0146	Лямбда-зонд, банк 1 датчик 3: нет активности
P0147	Лямбда-зонд, банк 1 датчик 3: неисправность цепи подогрева
P0150	Лямбда-зонд, банк 2 датчик 1: неисправность цепи
P0151	Лямбда-зонд, банк 2 датчик 1: низкое напряжение
P0152	Лямбда-зонд, банк 2 датчик 1: высокое напряжение
P0153	Лямбда-зонд, банк 2 датчик 1: медленный отклик
P0154	Лямбда-зонд, банк 2 датчик 1: нет активности
P0155	Лямбда-зонд, банк 2 датчик 1: неисправность цепи подогрева
P0156	Лямбда-зонд, банк 2 датчик 2: неисправность цепи
P0157	Лямбда-зонд, банк 2 датчик 2: низкое напряжение
P0158	Лямбда-зонд, банк 2 датчик 2: высокое напряжение
P0159	Лямбда-зонд, банк 2 датчик 2: медленный отклик
P0160	Лямбда-зонд, банк 2 датчик 2: нет активности
P0161	Лямбда-зонд, банк 2 датчик 2: неисправность цепи подогрева
P0162	Лямбда-зонд, банк 2 датчик 3: неисправность цепи
P0163	Лямбда-зонд, банк 2 датчик 3: низкое напряжение
P0164	Лямбда-зонд, банк 2 датчик 3: высокое напряжение
P0165	Лямбда-зонд, банк 2 датчик 3: медленный отклик
P0166	Лямбда-зонд, банк 2 датчик 3: нет активности
P0167	Лямбда-зонд, банк 2 датчик 3: неисправность цепи подогрева
P0170	Коррекция топливоподачи, банк 1: неисправность
P0171	Слишком бедная смесь, банк 1
P0172	Слишком богатая смесь, банк 1
P0173	Коррекция топливоподачи, банк 2: неисправность
P0174	Слишком бедная смесь, банк 2
P0175	Слишком богатая смесь, банк 2
P0180	Датчик температуры топлива A: неисправность цепи
P0181	Датчик температуры топлива A: сигнал вне диапазона / неправдоподобный
P0182	Датчик температуры топлива A: низкий уровень сигнала
P0183	Датчик температуры топлива A: высокий уровень сигнала
P0184	Датчик температуры топлива A: прерывистый сигнал
P0185	Датчик температуры топлива B: неисправность цепи
P0186	Датчик температуры топлива B: сигнал вне диапазона / неправдоподобный
P0187	Датчик температуры топлива B: низкий уровень сигнала
P0188	Датчик температуры топлива B: высокий уровень сигнала
P0189	Датчик температуры топлива B: прерывистый сигнал
P0190	Датчик давления топлива в рампе: неисправность цепи
P0191	Датчик давления топлива в рампе: сигнал вне диапазона / неправдоподобный
P0192	Датчик давления топлива в рампе: низкий уровень сигнала
P0193	Датчик давления топлива в рампе: высокий уровень сигнала
P0194	Датчик давления топлива в рампе: прерывистый сигнал
P0195	Датчик температуры масла: неисправность цепи
P0196	Датчик температуры масла: сигнал вне диапазона / неправдоподобный
P0197	Датчик температуры масла: низкий уровень сигнала
P0198	Датчик температуры масла: высокий уровень сигнала
P0199	Датчик температуры масла: прерывистый сигнал
P0200	Форсунки: неисправность цепи управления
P0201	Форсунка цилиндра 1: неисправность цепи
P0202	Форсунка цилиндра 2: неисправность цепи
P0203	Форсунка цилиндра 3: неисправность цепи
P0204	Форсунка цилиндра 4: неисправность цепи
P0205	Форсунка цилиндра 5: неисправность цепи
P0206	Форсунка цилиндра 6: неисправность цепи
P0207	Форсунка цилиндра 7: неисправность цепи
P0208	Форсунка цилиндра 8: неисправность цепи
P0209	Форсунка цилиндра 9: неисправность цепи
P0210	Форсунка цилиндра 10: неисправность цепи
P0211	Форсунка цилиндра 11: неисправность цепи
P0212	Форсунка цилиндра 12: неисправность цепи
P0213	Форсунка холодного пуска 1: неисправность
P0215	Клапан отключения подачи топлива (останов двигателя): неисправность цепи
P0216	Управление углом опережения впрыска: неисправность цепи
P0217	Перегрев двигателя
P0218	Перегрев коробки передач
P0219	Превышение допустимых оборотов двигателя
P0220	Датчик положения дросселя / педали газа B: неисправность цепи
P0221	Датчик положения дросселя / педали газа B: сигнал вне диапазона / неправдоподобный
P0222	Датчик положения дросселя / педали газа B: низкий уровень сигнала
P0223	Датчик положения дросселя / педали газа B: высокий уровень сигнала
P0224	Датчик положения дросселя / педали газа B: прерывистый сигнал
P0225	Датчик положения дросселя / педали газа C: неисправность цепи
P0226	Датчик положения дросселя / педали газа C: сигнал вне диапазона / неправдоподобный
P0227	Датчик положения дросселя / педали газа C: низкий уровень сигнала
P0228	Датчик положения дросселя / педали газа C: высокий уровень сигнала
P0229	Датчик положения дросселя / педали газа C: прерывистый сигнал
P0230	Топливный насос: неисправность первичной цепи
P0231	Топливный насос: низкий уровень во вторичной цепи
P0232	Топливный насос: высокий уровень во вторичной цепи
P0234	Превышение давления наддува (overboost)
P0235	Датчик давления наддува A: неисправность цепи
P0236	Датчик давления наддува A: сигнал вне диапазона / неправдоподобный
P0237	Датчик давления наддува A: низкий уровень сигнала
P0238	Датчик давления наддува A: высокий уровень сигнала
P0239	Датчик давления наддува B: неисправность цепи
P0243	Клапан ограничения наддува (вестгейт) A: неисправность цепи
P0244	Клапан ограничения наддува (вестгейт) A: неправдоподобный сигнал
P0245	Клапан ограничения наддува (вестгейт) A: низкий уровень
P0246	Клапан ограничения наддува (вестгейт) A: высокий уровень
P0251	ТНВД, дозатор топлива A: неисправность
P0252	ТНВД, дозатор топлива A: сигнал вне диапазона / неправдоподобный
P0253	ТНВД, дозатор топлива A: низкий уровень
P0254	ТНВД, дозатор топлива A: высокий уровень
P0255	ТНВД, дозатор топлива A: прерывистый сигнал
P0261	Форсунка цилиндра 1: низкий уровень в цепи
P0262	Форсунка цилиндра 1: высокий уровень в цепи
P0263	Цилиндр 1: неравномерность вклада / баланса (форсунка)
P0264	Форсунка цилиндра 2: низкий уровень в цепи
P0265	Форсунка цилиндра 2: высокий уровень в цепи
P0266	Цилиндр 2: неравномерность вклада / баланса (форсунка)
P0267	Форсунка цилиндра 3: низкий уровень в цепи
P0268	Форсунка цилиндра 3: высокий уровень в цепи
P0269	Цилиндр 3: неравномерность вклада / баланса (форсунка)
P0270	Форсунка цилиндра 4: низкий уровень в цепи
P0271	Форсунка цилиндра 4: высокий уровень в цепи
P0272	Цилиндр 4: неравномерность вклада / баланса (форсунка)
P0273	Форсунка цилиндра 5: низкий уровень в цепи
P0274	Форсунка цилиндра 5: высокий уровень в цепи
P0275	Цилиндр 5: неравномерность вклада / баланса (форсунка)
P0276	Форсунка цилиндра 6: низкий уровень в цепи
P0277	Форсунка цилиндра 6: высокий уровень в цепи
P0278	Цилиндр 6: неравномерность вклада / баланса (форсунка)
P0279	Форсунка цилиндра 7: низкий уровень в цепи
P0280	Форсунка цилиндра 7: высокий уровень в цепи
P0281	Цилиндр 7: неравномерность вклада / баланса (форсунка)
P0282	Форсунка цилиндра 8: низкий уровень в цепи
P0283	Форсунка цилиндра 8: высокий уровень в цепи
P0284	Цилиндр 8: неравномерность вклада / баланса (форсунка)
P0285	Форсунка цилиндра 9: низкий уровень в цепи
P0286	Форсунка цилиндра 9: высокий уровень в цепи
P0287	Цилиндр 9: неравномерность вклада / баланса (форсунка)
P0288	Форсунка цилиндра 10: низкий уровень в цепи
P0289	Форсунка цилиндра 10: высокий уровень в цепи
P0290	Цилиндр 10: неравномерность вклада / баланса (форсунка)
P0291	Форсунка цилиндра 11: низкий уровень в цепи
P0292	Форсунка цилиндра 11: высокий уровень в цепи
P0293	Цилиндр 11: неравномерность вклада / баланса (форсунка)
P0294	Форсунка цилиндра 12: низкий уровень в цепи
P0295	Форсунка цилиндра 12: высокий уровень в цепи
P0296	Цилиндр 12: неравномерность вклада / баланса (форсунка)
P0299	Недостаточное давление наддува (underboost)
P0300	Случайные / множественные пропуски воспламенения
P0301	Пропуски воспламенения в цилиндре 1
P0302	Пропуски воспламенения в цилиндре 2
P0303	Пропуски воспламенения в цилиндре 3
P0304	Пропуски воспламенения в цилиндре 4
P0305	Пропуски воспламенения в цилиндре 5
P0306	Пропуски воспламенения в цилиндре 6
P0307	Пропуски воспламенения в цилиндре 7
P0308	Пропуски воспламенения в цилиндре 8
P0309	Пропуски воспламенения в цилиндре 9
P0310	Пропуски воспламенения в цилиндре 10
P0311	Пропуски воспламенения в цилиндре 11
P0312	Пропуски воспламенения в цилиндре 12
P0320	Датчик частоты вращения (зажигание/распределитель): неисправность цепи
P0321	Датчик частоты вращения: сигнал вне диапазона
P0322	Датчик частоты вращения: нет сигнала
P0325	Датчик детонации 1 (банк 1): неисправность цепи
P0326	Датчик детонации 1 (банк 1): сигнал вне диапазона
P0327	Датчик детонации 1 (банк 1): низкий уровень сигнала
P0328	Датчик детонации 1 (банк 1): высокий уровень сигнала
P0330	Датчик детонации 2 (банк 2): неисправность цепи
P0335	Датчик положения коленвала A: неисправность цепи
P0336	Датчик положения коленвала A: сигнал вне диапазона / неправдоподобный
P0337	Датчик положения коленвала A: низкий уровень сигнала
P0338	Датчик положения коленвала A: высокий уровень сигнала
P0339	Датчик положения коленвала A: прерывистый сигнал
P0340	Датчик положения распредвала A (банк 1): неисправность цепи
P0341	Датчик положения распредвала A (банк 1): сигнал вне диапазона / неправдоподобный
P0342	Датчик положения распредвала A (банк 1): низкий уровень сигнала
P0343	Датчик положения распредвала A (банк 1): высокий уровень сигнала
P0344	Датчик положения распредвала A (банк 1): прерывистый сигнал
P0351	Катушка зажигания A: неисправность первичной/вторичной цепи
P0352	Катушка зажигания B: неисправность первичной/вторичной цепи
P0353	Катушка зажигания C: неисправность первичной/вторичной цепи
P0354	Катушка зажигания D: неисправность первичной/вторичной цепи
P0380	Свечи накаливания / подогреватель, цепь A: неисправность
P0381	Лампа-индикатор свечей накаливания: неисправность цепи
P0382	Свечи накаливания / подогреватель, цепь B: неисправность
P0383	Блок управления свечами накаливания: низкий уровень в цепи управления
P0384	Блок управления свечами накаливания: высокий уровень в цепи управления
P0385	Датчик положения коленвала B: неисправность цепи
P0400	Рециркуляция ОГ (EGR): неисправность системы / расход
P0401	Рециркуляция ОГ (EGR): недостаточный расход
P0402	Рециркуляция ОГ (EGR): избыточный расход
P0403	Клапан рециркуляции ОГ (EGR): неисправность цепи управления
P0404	Рециркуляция ОГ (EGR): неправдоподобная работа / характеристика
P0405	Датчик положения клапана EGR A: низкий уровень сигнала
P0406	Датчик положения клапана EGR A: высокий уровень сигнала
P0407	Датчик положения клапана EGR B: низкий уровень сигнала
P0408	Датчик положения клапана EGR B: высокий уровень сигнала
P0409	Датчик положения клапана EGR A: неисправность цепи
P0410	Система подачи вторичного воздуха: неисправность
P0411	Система подачи вторичного воздуха: неправильный расход
P0412	Клапан вторичного воздуха A: неисправность цепи
P0418	Реле насоса вторичного воздуха A: неисправность цепи
P0420	Эффективность катализатора ниже порога (банк 1)
P0421	Эффективность прогрева катализатора ниже порога (банк 1)
P0430	Эффективность катализатора ниже порога (банк 2)
P0440	Система улавливания паров топлива (EVAP): неисправность
P0441	Система EVAP: неправильный расход продувки
P0442	Система EVAP: обнаружена малая утечка
P0443	Клапан продувки адсорбера (EVAP): неисправность цепи
P0455	Система EVAP: обнаружена большая утечка
P0456	Система EVAP: обнаружена очень малая утечка
P0460	Датчик уровня топлива: неисправность цепи
P0461	Датчик уровня топлива: сигнал вне диапазона / неправдоподобный
P0462	Датчик уровня топлива: низкий уровень сигнала
P0463	Датчик уровня топлива: высокий уровень сигнала
P0464	Датчик уровня топлива: прерывистый сигнал
P0470	Датчик давления отработавших газов: неисправность цепи
P0471	Датчик давления отработавших газов: сигнал вне диапазона / неправдоподобный
P0472	Датчик давления отработавших газов: низкий уровень сигнала
P0473	Датчик давления отработавших газов: высокий уровень сигнала
P0474	Датчик давления отработавших газов: прерывистый сигнал
P0475	Клапан управления давлением ОГ: неисправность цепи
P0476	Клапан управления давлением ОГ: неправдоподобная работа
P0477	Клапан управления давлением ОГ: низкий уровень
P0478	Клапан управления давлением ОГ: высокий уровень
P0480	Вентилятор охлаждения 1: неисправность цепи управления
P0481	Вентилятор охлаждения 2: неисправность цепи управления
P0482	Вентилятор охлаждения 3: неисправность цепи управления
P0483	Вентилятор охлаждения: ошибка проверки работоспособности
P0489	Рециркуляция ОГ (EGR): низкий уровень в цепи управления
P0490	Рециркуляция ОГ (EGR): высокий уровень в цепи управления
P0500	Датчик скорости автомобиля A: неисправность
P0501	Датчик скорости автомобиля A: сигнал вне диапазона / неправдоподобный
P0502	Датчик скорости автомобиля A: низкий уровень сигнала
P0503	Датчик скорости автомобиля A: прерывистый / нестабильный / высокий сигнал
P0505	Система управления холостым ходом: неисправность
P0506	Обороты холостого хода ниже заданных
P0507	Обороты холостого хода выше заданных
P0510	Выключатель закрытого положения дросселя: неисправность
P0520	Датчик / выключатель давления масла: неисправность цепи
P0521	Датчик / выключатель давления масла: сигнал вне диапазона / неправдоподобный
P0522	Датчик / выключатель давления масла: низкий уровень
P0523	Датчик / выключатель давления масла: высокий уровень
P0524	Слишком низкое давление масла в двигателе
P0530	Датчик давления хладагента кондиционера: неисправность цепи
P0532	Датчик давления хладагента кондиционера: низкий уровень
P0533	Датчик давления хладагента кондиционера: высокий уровень
P0540	Подогреватель воздуха на впуске A: неисправность цепи
P0544	Датчик температуры ОГ, банк 1 датчик 1: неисправность цепи
P0545	Датчик температуры ОГ, банк 1 датчик 1: низкий уровень сигнала
P0546	Датчик температуры ОГ, банк 1 датчик 1: высокий уровень сигнала
P0560	Напряжение бортсети: неисправность
P0561	Напряжение бортсети: нестабильное
P0562	Напряжение бортсети: низкое
P0563	Напряжение бортсети: высокое
P0565	Круиз-контроль, сигнал включения: неисправность
P0571	Выключатель стоп-сигнала / педали тормоза A: неисправность цепи
P0575	Круиз-контроль, входная цепь: неисправность
P0600	Канал последовательной связи (между блоками): неисправность
P0601	Блок управления двигателем: ошибка контрольной суммы памяти
P0602	Блок управления двигателем: ошибка программирования
P0603	Блок управления двигателем: ошибка энергонезависимой памяти (KAM)
P0604	Блок управления двигателем: ошибка оперативной памяти (RAM)
P0605	Блок управления двигателем: ошибка постоянной памяти (ROM)
P0606	Блок управления двигателем: неисправность процессора
P0607	Блок управления двигателем: неправильная работа
P0610	Блок управления двигателем: неверная комплектация / вариант кодирования
P0611	Блок управления форсунками: неправильная работа
P0620	Генератор: неисправность цепи управления
P0627	Топливный насос: обрыв цепи управления
P0630	VIN не записан или не совпадает (блок двигателя)
P0641	Опорное напряжение датчиков A: обрыв цепи
P0650	Лампа Check Engine (MIL): неисправность цепи управления
P0651	Опорное напряжение датчиков B: обрыв цепи
P0670	Блок управления свечами накаливания: неисправность цепи
P0671	Свеча накаливания цилиндра 1: неисправность цепи
P0672	Свеча накаливания цилиндра 2: неисправность цепи
P0673	Свеча накаливания цилиндра 3: неисправность цепи
P0674	Свеча накаливания цилиндра 4: неисправность цепи
P0675	Свеча накаливания цилиндра 5: неисправность цепи
P0676	Свеча накаливания цилиндра 6: неисправность цепи
P0677	Свеча накаливания цилиндра 7: неисправность цепи
P0678	Свеча накаливания цилиндра 8: неисправность цепи
P0679	Свеча накаливания цилиндра 9: неисправность цепи
P0680	Свеча накаливания цилиндра 10: неисправность цепи
P0681	Свеча накаливания цилиндра 11: неисправность цепи
P0682	Свеча накаливания цилиндра 12: неисправность цепи
P0683	Связь блока свечей накаливания с блоком двигателя: неисправность цепи
P0684	Связь блока свечей накаливания с блоком двигателя: неправдоподобный сигнал
P0685	Главное реле питания блока двигателя: обрыв цепи управления
P0686	Главное реле питания блока двигателя: низкий уровень в цепи
P0687	Главное реле питания блока двигателя: высокий уровень в цепи
P0688	Главное реле питания блока двигателя: обрыв цепи контроля
P0700	Система управления коробкой передач: неисправность (см. ошибки блока КПП)
P0705	Датчик положения селектора КПП: неисправность цепи
P0715	Датчик частоты вращения входного вала КПП: неисправность цепи
P0720	Датчик частоты вращения выходного вала КПП: неисправность цепи
P0730	Неверное передаточное отношение
P0740	Муфта блокировки гидротрансформатора: неисправность цепи
P1136	VAG 17544: адаптация топливоподачи (подсос воздуха), банк 1 — слишком бедная смесь
P1137	VAG 17545: адаптация топливоподачи (подсос воздуха), банк 1 — слишком богатая смесь
P1250	VAG 17658: слишком низкий уровень топлива
P1403	VAG 17811: рециркуляция ОГ (EGR) — отклонение расхода
P1556	VAG 17964: регулировка давления наддува — отрицательное отклонение (наддув ниже нормы)
P1557	VAG 17965: регулировка давления наддува — положительное отклонение (наддув выше нормы)
P1561	VAG 17969: регулятор количества топлива ТНВД (N146) — отклонение регулирования
P1562	VAG 17970: регулятор количества топлива ТНВД (N146) — достигнут верхний упор
P1564	VAG 17972: регулятор количества топлива ТНВД (N146) — достигнут нижний упор
P1570	VAG 17978: блок управления двигателем заблокирован иммобилайзером
P1600	VAG 18008: питание (клемма 15) — низкое напряжение
P1602	VAG 18010: питание (клемма 30) — низкое напряжение
P1612	VAG 18020: блок управления двигателем закодирован неправильно
P1626	VAG 18034: шина данных — нет сообщения от блока КПП
P2002	Сажевый фильтр (DPF): эффективность ниже порога (банк 1)
P2008	Заслонки впускного коллектора (банк 1): обрыв цепи управления
P2015	Датчик положения заслонок впускного коллектора (банк 1): неправдоподобный сигнал
P2031	Датчик температуры ОГ, банк 1 датчик 2: неисправность цепи
P2032	Датчик температуры ОГ, банк 1 датчик 2: низкий уровень сигнала
P2033	Датчик температуры ОГ, банк 1 датчик 2: высокий уровень сигнала
P2080	Датчик температуры ОГ, банк 1 датчик 1: сигнал вне диапазона / неправдоподобный
P2084	Датчик температуры ОГ, банк 1 датчик 2: сигнал вне диапазона / неправдоподобный
P2100	Привод дроссельной заслонки: обрыв цепи двигателя
P2101	Привод дроссельной заслонки: неправдоподобная работа
P2122	Датчик положения педали газа D: низкий уровень сигнала
P2123	Датчик положения педали газа D: высокий уровень сигнала
P2127	Датчик положения педали газа E: низкий уровень сигнала
P2128	Датчик положения педали газа E: высокий уровень сигнала
P2135	Рассогласование датчиков положения дросселя A и B
P2138	Рассогласование датчиков положения педали газа D и E
P2146	Питание форсунок, группа A: обрыв цепи
P2147	Питание форсунок, группа A: замыкание на массу
P2148	Питание форсунок, группа A: замыкание на плюс
P2149	Питание форсунок, группа B: обрыв цепи
P2150	Питание форсунок, группа B: замыкание на массу
P2151	Питание форсунок, группа B: замыкание на плюс
P2187	Слишком бедная смесь на холостом ходу (банк 1)
P2188	Слишком богатая смесь на холостом ходу (банк 1)
P2195	Лямбда-зонд банк 1 датчик 1: сигнал смещён в сторону бедной смеси
P2196	Лямбда-зонд банк 1 датчик 1: сигнал смещён в сторону богатой смеси
P2263	Система турбонаддува: неправильная работа
P2279	Подсос воздуха во впускной системе
P2293	Регулятор давления топлива 2: неправильная работа
P2425	Клапан охлаждения EGR: обрыв цепи управления
P242F	Сажевый фильтр (DPF): забит золой (ограничение потока)
P2452	Датчик перепада давления сажевого фильтра: неисправность цепи
P2453	Датчик перепада давления сажевого фильтра: сигнал вне диапазона / неправдоподобный
P2454	Датчик перепада давления сажевого фильтра: низкий уровень
P2455	Датчик перепада давления сажевого фильтра: высокий уровень
P2457	Охладитель рециркуляции ОГ (EGR): неправильная работа
P2458	Сажевый фильтр (DPF): регенерация длится слишком долго
P2459	Сажевый фильтр (DPF): регенерации слишком часто
P2463	Сажевый фильтр (DPF): чрезмерное накопление сажи
P2509	Питание блока управления двигателем: прерывистый сигнал
P2562	Датчик положения привода турбины A: неисправность цепи
P2563	Датчик положения привода турбины A: сигнал вне диапазона / неправдоподобный
U0001	Высокоскоростная шина CAN: неисправность
U0073	Шина связи блоков A: отключена (Bus Off)
U0100	Потеря связи с блоком управления двигателем
U0101	Потеря связи с блоком управления КПП
U0121	Потеря связи с блоком ABS
U0140	Потеря связи с блоком комфорта (BCM)
U0151	Потеря связи с блоком подушек безопасности
U0155	Потеря связи с панелью приборов
